what,kind,bundleId,bundleVersion,description,time
deactivated,workbench,org.eclipse.ui.workbench,3.7.1.v20120104-1859,"",1522156890979
activated,workbench,org.eclipse.ui.workbench,3.7.1.v20120104-1859,"",1522156894570
started,bundle,org.eclipse.cdt.debug.core,7.1.0.201202111925,"org.eclipse.cdt.debug.core",1522156896864
started,bundle,org.eclipse.cdt.debug.ui,7.1.2.201202111925,"org.eclipse.cdt.debug.ui",1522156896864
deactivated,workbench,org.eclipse.ui.workbench,3.7.1.v20120104-1859,"",1522156900594
activated,workbench,org.eclipse.ui.workbench,3.7.1.v20120104-1859,"",1522156901811
executed,command,,,"com.altera.sbtgui.launch.hardware.Nios2HardwareLaunchShortcut.run",1522156902076
started,bundle,org.eclipse.cdt.launch,7.0.0.201202111925,"org.eclipse.cdt.launch",1522156902092
opened,view,com.altera.sbtgui.launch,13.13.0.132,"com.altera.sbtgui.launch.hardware.ByteStreamConsoleView",1522156903637
started,bundle,org.eclipse.cdt.debug.mi.ui,6.1.1.201202111925,"org.eclipse.cdt.debug.mi.ui",1522156903965
started,bundle,org.eclipse.cdt.debug.mi.core,7.1.1.201202111925,"org.eclipse.cdt.debug.mi.core",1522156903965
error,log,,,"Failed Executing: [nios2-download, '--cable=USB-Blaster on localhost [USB-0]', --device=1, --instance=0, --go, /cygdrive/c/Users/Francisco/Desktop/DE2_70_QSYS/Eclipse/software/Teste/Teste.elf] return code: 4, 'other error'",1522156908105
error,log,,,"Downloading ELF Process failed",1522156908105
deactivated,workbench,org.eclipse.ui.workbench,3.7.1.v20120104-1859,"",1522156908120
activated,workbench,org.eclipse.ui.workbench,3.7.1.v20120104-1859,"",1522156910701
deactivated,workbench,org.eclipse.ui.workbench,3.7.1.v20120104-1859,"",1522156914777
activated,workbench,org.eclipse.ui.workbench,3.7.1.v20120104-1859,"",1522158521352
started,bundle,org.eclipse.ltk.ui.refactoring,3.6.0.v20110928-1453,"org.eclipse.ltk.ui.refactoring",1522158524410
deactivated,workbench,org.eclipse.ui.workbench,3.7.1.v20120104-1859,"",1522158524457
activated,workbench,org.eclipse.ui.workbench,3.7.1.v20120104-1859,"",1522158524956
executed,command,org.eclipse.ltk.ui.refactoring,3.6.0.v20110928-1453,"org.eclipse.ltk.ui.refactoring.commands.deleteResources",1522158524956
executed,command,org.eclipse.ui,3.7.0.v20110928-1505,"org.eclipse.ui.edit.delete",1522158524956
deactivated,workbench,org.eclipse.ui.workbench,3.7.1.v20120104-1859,"",1522158525737
activated,workbench,org.eclipse.ui.workbench,3.7.1.v20120104-1859,"",1522158526080
executed,command,org.eclipse.ltk.ui.refactoring,3.6.0.v20110928-1453,"org.eclipse.ltk.ui.refactoring.commands.deleteResources",1522158526080
executed,command,org.eclipse.ui,3.7.0.v20110928-1505,"org.eclipse.ui.edit.delete",1522158526080
deactivated,workbench,org.eclipse.ui.workbench,3.7.1.v20120104-1859,"",1522158527344
activated,workbench,org.eclipse.ui.workbench,3.7.1.v20120104-1859,"",1522158528438
closed,workbench,org.eclipse.ui.workbench,3.7.1.v20120104-1859,"",1522158528485
error,log,,,"Problems saving workspace",1522158530171
error,log,,,"Problems occurred while trying to save the state of the workbench.",1522158530171
stopped,bundle,org.eclipse.cdt.build.crossgcc,1.0.2.201202111925,"org.eclipse.cdt.build.crossgcc",1522158530233
stopped,bundle,org.eclipse.cdt.codan.checkers.ui,1.0.0.201202111925,"org.eclipse.cdt.codan.checkers.ui",1522158530233
stopped,bundle,com.altera.debug.cdi.gdb.plugin,13.13.0.132,"com.altera.debug.cdi.gdb.plugin",1522158530249
stopped,bundle,com.altera.sbtgui.launch,13.13.0.132,"com.altera.sbtgui.launch",1522158530249
stopped,bundle,com.altera.sbtgui.ui,13.13.0.132,"com.altera.sbtgui.ui",1522158530249
stopped,bundle,com.altera.sbtgui.project,13.13.0.132,"com.altera.sbtgui.project",1522158530249
stopped,bundle,org.eclipse.cdt.codan.checkers,1.0.1.201202111925,"org.eclipse.cdt.codan.checkers",1522158530249
stopped,bundle,org.eclipse.cdt.codan.ui.cxx,2.0.0.201202111925,"org.eclipse.cdt.codan.ui.cxx",1522158530249
stopped,bundle,org.eclipse.cdt.codan.core.cxx,1.0.0.201202111925,"org.eclipse.cdt.codan.core.cxx",1522158530249
stopped,bundle,org.eclipse.cdt.launch.remote,2.3.0.201202111925,"org.eclipse.cdt.launch.remote",1522158530249
stopped,bundle,org.eclipse.cdt.debug.mi.ui,6.1.1.201202111925,"org.eclipse.cdt.debug.mi.ui",1522158530249
stopped,bundle,org.eclipse.cdt.debug.mi.core,7.1.1.201202111925,"org.eclipse.cdt.debug.mi.core",1522158530249
stopped,bundle,org.eclipse.cdt.debug.ui.memory.memorybrowser,1.2.100.201202111925,"org.eclipse.cdt.debug.ui.memory.memorybrowser",1522158530249
stopped,bundle,org.eclipse.cdt.debug.ui.memory.search,1.2.1.201202111925,"org.eclipse.cdt.debug.ui.memory.search",1522158530249
stopped,bundle,org.eclipse.cdt.dsf.gdb.ui,2.2.1.201202111925,"org.eclipse.cdt.dsf.gdb.ui",1522158530249
stopped,bundle,org.eclipse.cdt.dsf.ui,2.2.1.201202111925,"org.eclipse.cdt.dsf.ui",1522158530249
stopped,bundle,org.eclipse.cdt.gdb.ui,7.0.0.201202111925,"org.eclipse.cdt.gdb.ui",1522158530249
stopped,bundle,org.eclipse.cdt.dsf.gdb,4.0.2.201202111925,"org.eclipse.cdt.dsf.gdb",1522158530249
stopped,bundle,org.eclipse.cdt.launch,7.0.0.201202111925,"org.eclipse.cdt.launch",1522158530249
stopped,bundle,org.eclipse.cdt.debug.ui,7.1.2.201202111925,"org.eclipse.cdt.debug.ui",1522158530249
stopped,bundle,org.eclipse.cdt.debug.ui.memory.traditional,1.2.1.201202111925,"org.eclipse.cdt.debug.ui.memory.traditional",1522158530249
stopped,bundle,org.eclipse.cdt.dsf,2.2.0.201202111925,"org.eclipse.cdt.dsf",1522158530249
stopped,bundle,org.eclipse.cdt.debug.core,7.1.0.201202111925,"org.eclipse.cdt.debug.core",1522158530249
stopped,bundle,org.eclipse.linuxtools.cdt.autotools.ui,1.0.1.201202152032,"org.eclipse.linuxtools.cdt.autotools.ui",1522158530249
stopped,bundle,org.eclipse.linuxtools.cdt.autotools.core,1.0.2.201202152032,"org.eclipse.linuxtools.cdt.autotools.core",1522158530249
stopped,bundle,org.eclipse.cdt.managedbuilder.ui,8.0.2.201202111925,"org.eclipse.cdt.managedbuilder.ui",1522158530249
stopped,bundle,org.eclipse.cdt.make.ui,7.1.2.201202111925,"org.eclipse.cdt.make.ui",1522158530249
stopped,bundle,org.eclipse.cdt.managedbuilder.gnu.ui,8.0.2.201202111925,"org.eclipse.cdt.managedbuilder.gnu.ui",1522158530249
stopped,bundle,org.eclipse.cdt.msw.build,1.0.0.201202111925,"org.eclipse.cdt.msw.build",1522158530249
stopped,bundle,org.eclipse.cdt.managedbuilder.core,8.0.2.201202111925,"org.eclipse.cdt.managedbuilder.core",1522158530249
stopped,bundle,org.eclipse.cdt.make.core,7.1.2.201202111925,"org.eclipse.cdt.make.core",1522158530249
stopped,bundle,org.eclipse.cdt.mylyn.ui,3.6.0.v20110608-1400,"org.eclipse.cdt.mylyn.ui",1522158530249
stopped,bundle,org.eclipse.cdt.codan.ui,2.0.1.201202111925,"org.eclipse.cdt.codan.ui",1522158530249
activated,perspective,com.altera.sbtgui.ui,,"com.altera.sbtgui.ui.cPerspective",1522158614737
started,bundle,org.eclipse.osgi,3.7.2.v20120110-1415,"org.eclipse.osgi",1522158614737
started,bundle,org.eclipse.equinox.simpleconfigurator,1.0.200.v20110815-1438,"org.eclipse.equinox.simpleconfigurator",1522158614737
started,bundle,com.ibm.icu,4.4.2.v20110823,"com.ibm.icu",1522158614737
started,bundle,org.eclipse.cdt.codan.checkers,1.0.1.201202111925,"org.eclipse.cdt.codan.checkers",1522158614737
started,bundle,org.eclipse.cdt.codan.core,2.0.0.201202111925,"org.eclipse.cdt.codan.core",1522158614737
started,bundle,org.eclipse.cdt.codan.core.cxx,1.0.0.201202111925,"org.eclipse.cdt.codan.core.cxx",1522158614737
started,bundle,org.eclipse.cdt.codan.ui.cxx,2.0.0.201202111925,"org.eclipse.cdt.codan.ui.cxx",1522158614737
started,bundle,org.eclipse.cdt.core,5.3.2.201202111925,"org.eclipse.cdt.core",1522158614737
started,bundle,org.eclipse.cdt.make.core,7.1.2.201202111925,"org.eclipse.cdt.make.core",1522158614737
started,bundle,org.eclipse.cdt.make.ui,7.1.2.201202111925,"org.eclipse.cdt.make.ui",1522158614737
started,bundle,org.eclipse.cdt.managedbuilder.core,8.0.2.201202111925,"org.eclipse.cdt.managedbuilder.core",1522158614737
started,bundle,org.eclipse.cdt.ui,5.3.2.201202111925,"org.eclipse.cdt.ui",1522158614737
started,bundle,org.eclipse.core.contenttype,3.4.100.v20110423-0524,"org.eclipse.core.contenttype",1522158614737
started,bundle,org.eclipse.core.databinding.observable,1.4.0.I20110222-0800,"org.eclipse.core.databinding.observable",1522158614737
started,bundle,org.eclipse.core.expressions,3.4.300.v20110228,"org.eclipse.core.expressions",1522158614737
started,bundle,org.eclipse.core.filebuffers,3.5.200.v20110928-1504,"org.eclipse.core.filebuffers",1522158614737
started,bundle,org.eclipse.core.filesystem,1.3.100.v20110423-0524,"org.eclipse.core.filesystem",1522158614737
started,bundle,org.eclipse.core.jobs,3.5.101.v20120113-1953,"org.eclipse.core.jobs",1522158614737
started,bundle,org.eclipse.core.net,1.2.100.I20110511-0800,"org.eclipse.core.net",1522158614737
started,bundle,org.eclipse.core.resources,3.7.101.v20120125-1505,"org.eclipse.core.resources",1522158614737
started,bundle,org.eclipse.core.runtime,3.7.0.v20110110,"org.eclipse.core.runtime",1522158614737
started,bundle,org.eclipse.core.runtime.compatibility,3.2.100.v20100505,"org.eclipse.core.runtime.compatibility",1522158614737
started,bundle,org.eclipse.core.runtime.compatibility.auth,3.2.200.v20110110,"org.eclipse.core.runtime.compatibility.auth",1522158614737
started,bundle,org.eclipse.debug.core,3.7.1.v20111129-2031,"org.eclipse.debug.core",1522158614737
started,bundle,org.eclipse.egit.core,1.3.0.201202151440-r,"org.eclipse.egit.core",1522158614737
started,bundle,org.eclipse.egit.ui,1.3.0.201202151440-r,"org.eclipse.egit.ui",1522158614737
started,bundle,org.eclipse.epp.mpc.ui,1.1.1.I20110907-0947,"org.eclipse.epp.mpc.ui",1522158614737
started,bundle,org.eclipse.epp.usagedata.gathering,1.3.1.R201106061540,"org.eclipse.epp.usagedata.gathering",1522158614737
started,bundle,org.eclipse.epp.usagedata.recording,1.3.1.R201106061540,"org.eclipse.epp.usagedata.recording",1522158614737
started,bundle,org.eclipse.equinox.app,1.3.100.v20110321,"org.eclipse.equinox.app",1522158614737
started,bundle,org.eclipse.equinox.common,3.6.0.v20110523,"org.eclipse.equinox.common",1522158614737
started,bundle,org.eclipse.equinox.ds,1.3.1.R37x_v20110701,"org.eclipse.equinox.ds",1522158614737
started,bundle,org.eclipse.equinox.event,1.2.100.v20110502,"org.eclipse.equinox.event",1522158614753
started,bundle,org.eclipse.equinox.p2.core,2.1.1.v20120113-1346,"org.eclipse.equinox.p2.core",1522158614753
started,bundle,org.eclipse.equinox.p2.directorywatcher,1.0.300.v20110815-1419,"org.eclipse.equinox.p2.directorywatcher",1522158614753
started,bundle,org.eclipse.equinox.p2.engine,2.1.1.R37x_v20111003,"org.eclipse.equinox.p2.engine",1522158614753
started,bundle,org.eclipse.equinox.p2.metadata,2.1.0.v20110815-1419,"org.eclipse.equinox.p2.metadata",1522158614753
started,bundle,org.eclipse.equinox.p2.metadata.repository,1.2.0.v20110815-1419,"org.eclipse.equinox.p2.metadata.repository",1522158614753
started,bundle,org.eclipse.equinox.p2.operations,2.1.1.R37x_v20111111,"org.eclipse.equinox.p2.operations",1522158614753
started,bundle,org.eclipse.equinox.p2.reconciler.dropins,1.1.100.v20110815-1419,"org.eclipse.equinox.p2.reconciler.dropins",1522158614753
started,bundle,org.eclipse.equinox.p2.repository,2.1.1.v20120113-1346,"org.eclipse.equinox.p2.repository",1522158614753
started,bundle,org.eclipse.equinox.p2.ui.sdk.scheduler,1.0.100.v20110815-1419,"org.eclipse.equinox.p2.ui.sdk.scheduler",1522158614753
started,bundle,org.eclipse.equinox.p2.updatechecker,1.1.200.v20110815-1419,"org.eclipse.equinox.p2.updatechecker",1522158614753
started,bundle,org.eclipse.equinox.preferences,3.4.2.v20120111-2020,"org.eclipse.equinox.preferences",1522158614753
started,bundle,org.eclipse.equinox.registry,3.5.101.R37x_v20110810-1611,"org.eclipse.equinox.registry",1522158614753
started,bundle,org.eclipse.equinox.security,1.1.1.R37x_v20110822-1018,"org.eclipse.equinox.security",1522158614753
started,bundle,org.eclipse.equinox.util,1.0.300.v20110502,"org.eclipse.equinox.util",1522158614753
started,bundle,org.eclipse.help,3.5.100.v20110426,"org.eclipse.help",1522158614753
started,bundle,org.eclipse.jface,3.7.0.v20110928-1505,"org.eclipse.jface",1522158614753
started,bundle,org.eclipse.jgit,1.3.0.201202151440-r,"org.eclipse.jgit",1522158614753
started,bundle,org.eclipse.jsch.core,1.1.300.I20110514-0800,"org.eclipse.jsch.core",1522158614753
started,bundle,org.eclipse.ltk.core.refactoring,3.5.201.r372_v20111101-0700,"org.eclipse.ltk.core.refactoring",1522158614753
started,bundle,org.eclipse.mylyn.bugzilla.core,3.6.5.v20120123-0100,"org.eclipse.mylyn.bugzilla.core",1522158614753
started,bundle,org.eclipse.mylyn.bugzilla.ui,3.6.0.v20110608-1400,"org.eclipse.mylyn.bugzilla.ui",1522158614753
started,bundle,org.eclipse.mylyn.commons.identity,0.8.0.v20110608-1400,"org.eclipse.mylyn.commons.identity",1522158614753
started,bundle,org.eclipse.mylyn.commons.net,3.6.0.v20110608-1400,"org.eclipse.mylyn.commons.net",1522158614753
started,bundle,org.eclipse.mylyn.commons.ui,3.6.1.v20110720-0100,"org.eclipse.mylyn.commons.ui",1522158614753
started,bundle,org.eclipse.mylyn.context.core,3.6.1.v20110720-0100,"org.eclipse.mylyn.context.core",1522158614753
started,bundle,org.eclipse.mylyn.context.ui,3.6.1.v20120112-0100,"org.eclipse.mylyn.context.ui",1522158614753
started,bundle,org.eclipse.mylyn.monitor.ui,3.6.0.v20110608-1400,"org.eclipse.mylyn.monitor.ui",1522158614753
started,bundle,org.eclipse.mylyn.tasks.ui,3.6.5.v20120215-0100,"org.eclipse.mylyn.tasks.ui",1522158614753
started,bundle,org.eclipse.mylyn.team.ui,3.6.1.v20110825-0100,"org.eclipse.mylyn.team.ui",1522158614753
started,bundle,org.eclipse.search,3.7.0.v20110928-1504,"org.eclipse.search",1522158614753
started,bundle,org.eclipse.team.core,3.6.0.I20110525-0800,"org.eclipse.team.core",1522158614753
started,bundle,org.eclipse.team.cvs.core,3.3.400.I20110510-0800,"org.eclipse.team.cvs.core",1522158614753
started,bundle,org.eclipse.team.cvs.ui,3.3.401.v20120126-1227,"org.eclipse.team.cvs.ui",1522158614753
started,bundle,org.eclipse.team.ui,3.6.101.R37x_v20111109-0800,"org.eclipse.team.ui",1522158614753
started,bundle,org.eclipse.ui,3.7.0.v20110928-1505,"org.eclipse.ui",1522158614753
started,bundle,org.eclipse.ui.console,3.5.100.v20111007_r372,"org.eclipse.ui.console",1522158614753
started,bundle,org.eclipse.ui.editors,3.7.0.v20110928-1504,"org.eclipse.ui.editors",1522158614753
started,bundle,org.eclipse.ui.forms,3.5.101.v20111011-1919,"org.eclipse.ui.forms",1522158614753
started,bundle,org.eclipse.ui.ide,3.7.0.v20110928-1505,"org.eclipse.ui.ide",1522158614753
started,bundle,org.eclipse.ui.intro,3.4.100.v20110425,"org.eclipse.ui.intro",1522158614784
started,bundle,org.eclipse.ui.intro.universal,3.2.500.v20110510,"org.eclipse.ui.intro.universal",1522158614784
started,bundle,org.eclipse.ui.navigator,3.5.101.v20120106-1355,"org.eclipse.ui.navigator",1522158614784
started,bundle,org.eclipse.ui.navigator.resources,3.4.300.v20110928-1505,"org.eclipse.ui.navigator.resources",1522158614784
started,bundle,org.eclipse.ui.net,1.2.100.v20111208-1155,"org.eclipse.ui.net",1522158614784
started,bundle,org.eclipse.ui.views,3.6.0.v20110928-1505,"org.eclipse.ui.views",1522158614784
started,bundle,org.eclipse.ui.workbench,3.7.1.v20120104-1859,"org.eclipse.ui.workbench",1522158614784
started,bundle,org.eclipse.ui.workbench.texteditor,3.7.0.v20110928-1504,"org.eclipse.ui.workbench.texteditor",1522158614784
started,bundle,org.eclipse.update.configurator,3.3.100.v20100512,"org.eclipse.update.configurator",1522158614784
started,bundle,org.eclipse.update.core,3.2.500.v20110330,"org.eclipse.update.core",1522158614784
started,bundle,org.eclipse.update.scheduler,3.2.300.v20100512,"org.eclipse.update.scheduler",1522158614784
started,bundle,com.altera.sbtgui.integration,13.13.0.132,"com.altera.sbtgui.integration",1522158614784
started,bundle,com.altera.sbtgui.launch,13.13.0.132,"com.altera.sbtgui.launch",1522158614784
started,bundle,com.altera.sbtgui.project,13.13.0.132,"com.altera.sbtgui.project",1522158614784
started,bundle,com.altera.systemconsole,13.13.0.132,"com.altera.systemconsole",1522158614784
started,bundle,com.altera.systemconsole.designs.plugin,13.13.0.132,"com.altera.systemconsole.designs.plugin",1522158614784
started,bundle,com.altera.utilities,13.13.0.132,"com.altera.utilities",1522158614784
os,sysinfo,,,"win32",1522158614784
arch,sysinfo,,,"x86",1522158614784
ws,sysinfo,,,"win32",1522158614784
locale,sysinfo,,,"pt_BR",1522158614784
processors,sysinfo,,,"4",1522158614784
java.runtime.name,sysinfo,,,"Java(TM) SE Runtime Environment",1522158614784
java.runtime.version,sysinfo,,,"1.6.0_23-b05",1522158614784
java.specification.name,sysinfo,,,"Java Platform API Specification",1522158614784
java.specification.vendor,sysinfo,,,"Sun Microsystems Inc.",1522158614784
java.specification.version,sysinfo,,,"1.6",1522158614784
java.vendor,sysinfo,,,"Sun Microsystems Inc.",1522158614784
java.version,sysinfo,,,"1.6.0_23",1522158614784
java.vm.info,sysinfo,,,"mixed mode",1522158614784
java.vm.name,sysinfo,,,"Java HotSpot(TM) Client VM",1522158614784
java.vm.specification.name,sysinfo,,,"Java Virtual Machine Specification",1522158614784
java.vm.specification.vendor,sysinfo,,,"Sun Microsystems Inc.",1522158614784
java.vm.specification.version,sysinfo,,,"1.0",1522158614784
java.vm.vendor,sysinfo,,,"Sun Microsystems Inc.",1522158614784
java.vm.version,sysinfo,,,"19.0-b09",1522158614784
activated,view,org.eclipse.ui.navigator.resources,3.4.300.v20110928-1505,"org.eclipse.ui.navigator.ProjectExplorer",1522158615923
activated,view,org.eclipse.ui.navigator.resources,3.4.300.v20110928-1505,"org.eclipse.ui.navigator.ProjectExplorer",1522158615923
closed,view,org.eclipse.ui,3.7.0.v20110928-1505,"org.eclipse.ui.internal.introview",1522158615938
opened,view,org.eclipse.ui.ide,3.7.0.v20110928-1505,"org.eclipse.ui.views.ProblemView",1522158619760
started,bundle,com.altera.sbtgui.ui,13.13.0.132,"com.altera.sbtgui.ui",1522158620665
started,bundle,com.altera.sbtgui.core,13.13.0.132,"com.altera.sbtgui.core",1522158620665
started,bundle,org.eclipse.debug.ui,3.7.102.v20111129-1423_r372,"org.eclipse.debug.ui",1522158620805
started,bundle,org.eclipse.cdt.dsf,2.2.0.201202111925,"org.eclipse.cdt.dsf",1522158620805
started,bundle,org.eclipse.cdt.dsf.gdb,4.0.2.201202111925,"org.eclipse.cdt.dsf.gdb",1522158620805
started,bundle,org.eclipse.cdt.dsf.gdb.ui,2.2.1.201202111925,"org.eclipse.cdt.dsf.gdb.ui",1522158620805
deactivated,workbench,org.eclipse.ui.workbench,3.7.1.v20120104-1859,"",1522158620993
started,bundle,org.eclipse.linuxtools.cdt.autotools.core,1.0.2.201202152032,"org.eclipse.linuxtools.cdt.autotools.core",1522158664392
started,bundle,org.eclipse.core.variables,3.2.500.v20110928-1503,"org.eclipse.core.variables",1522158664423
started,bundle,org.eclipse.cdt.managedbuilder.gnu.ui,8.0.2.201202111925,"org.eclipse.cdt.managedbuilder.gnu.ui",1522158665125
started,bundle,org.eclipse.cdt.msw.build,1.0.0.201202111925,"org.eclipse.cdt.msw.build",1522158665593
activated,workbench,org.eclipse.ui.workbench,3.7.1.v20120104-1859,"",1522158669602
started,bundle,org.eclipse.compare.core,3.5.200.I20110208-0800,"org.eclipse.compare.core",1522158676950
started,bundle,org.eclipse.compare,3.5.202.R37x_v20111109-0800,"org.eclipse.compare",1522158676950
deactivated,workbench,org.eclipse.ui.workbench,3.7.1.v20120104-1859,"",1522158678572
activated,workbench,org.eclipse.ui.workbench,3.7.1.v20120104-1859,"",1522158686232
deactivated,workbench,org.eclipse.ui.workbench,3.7.1.v20120104-1859,"",1522158686247
activated,workbench,org.eclipse.ui.workbench,3.7.1.v20120104-1859,"",1522158689835
started,bundle,org.eclipse.cdt.debug.core,7.1.0.201202111925,"org.eclipse.cdt.debug.core",1522158692534
started,bundle,org.eclipse.cdt.debug.ui,7.1.2.201202111925,"org.eclipse.cdt.debug.ui",1522158692534
deactivated,workbench,org.eclipse.ui.workbench,3.7.1.v20120104-1859,"",1522158694905
activated,workbench,org.eclipse.ui.workbench,3.7.1.v20120104-1859,"",1522158696122
executed,command,,,"com.altera.sbtgui.launch.hardware.Nios2HardwareLaunchShortcut.run",1522158696387
started,bundle,org.eclipse.cdt.launch,7.0.0.201202111925,"org.eclipse.cdt.launch",1522158696403
opened,view,com.altera.sbtgui.launch,13.13.0.132,"com.altera.sbtgui.launch.hardware.ByteStreamConsoleView",1522158697963
started,bundle,org.eclipse.cdt.debug.mi.ui,6.1.1.201202111925,"org.eclipse.cdt.debug.mi.ui",1522158698384
started,bundle,org.eclipse.cdt.debug.mi.core,7.1.1.201202111925,"org.eclipse.cdt.debug.mi.core",1522158698400
error,log,,,"Failed Executing: [nios2-download, '--cable=USB-Blaster on localhost [USB-0]', --device=1, --instance=0, --go, /cygdrive/c/Users/Francisco/Desktop/DE2_70_QSYS/Eclipse/software/Teste/Teste.elf] return code: 4, 'other error'",1522158702536
error,log,,,"Downloading ELF Process failed",1522158702536
deactivated,workbench,org.eclipse.ui.workbench,3.7.1.v20120104-1859,"",1522158702551
activated,workbench,org.eclipse.ui.workbench,3.7.1.v20120104-1859,"",1522158704704
activated,view,com.altera.sbtgui.launch,13.13.0.132,"com.altera.sbtgui.launch.hardware.ByteStreamConsoleView",1522158707621
activated,view,org.eclipse.ui.console,3.5.100.v20111007_r372,"org.eclipse.ui.console.ConsoleView",1522158708495
error,log,,,"Failed Executing: [nios2-download, '--cable=USB-Blaster on localhost [USB-0]', --device=1, --instance=0, --go, /cygdrive/c/Users/Francisco/Desktop/DE2_70_QSYS/Eclipse/software/Teste/Teste.elf] return code: 4, 'other error'",1522158711976
error,log,,,"Downloading ELF Process failed",1522158711976
deactivated,workbench,org.eclipse.ui.workbench,3.7.1.v20120104-1859,"",1522158711992
activated,workbench,org.eclipse.ui.workbench,3.7.1.v20120104-1859,"",1522158713427
deactivated,workbench,org.eclipse.ui.workbench,3.7.1.v20120104-1859,"",1522158715190
activated,workbench,org.eclipse.ui.workbench,3.7.1.v20120104-1859,"",1522158737061
activated,view,org.eclipse.ui.navigator.resources,3.4.300.v20110928-1505,"org.eclipse.ui.navigator.ProjectExplorer",1522158739058
opened,editor,org.eclipse.cdt.ui,5.3.2.201202111925,"org.eclipse.cdt.ui.editor.CEditor",1522158741694
started,bundle,org.eclipse.ltk.ui.refactoring,3.6.0.v20110928-1453,"org.eclipse.ltk.ui.refactoring",1522158741694
activated,editor,org.eclipse.cdt.ui,5.3.2.201202111925,"org.eclipse.cdt.ui.editor.CEditor",1522158741788
started,bundle,org.eclipse.cdt.codan.ui,2.0.1.201202111925,"org.eclipse.cdt.codan.ui",1522158742334
activated,view,org.eclipse.ui.console,3.5.100.v20111007_r372,"org.eclipse.ui.console.ConsoleView",1522158745672
activated,editor,org.eclipse.cdt.ui,5.3.2.201202111925,"org.eclipse.cdt.ui.editor.CEditor",1522158745672
activated,view,org.eclipse.ui.navigator.resources,3.4.300.v20110928-1505,"org.eclipse.ui.navigator.ProjectExplorer",1522158753129
deactivated,workbench,org.eclipse.ui.workbench,3.7.1.v20120104-1859,"",1522158754049
closed,editor,org.eclipse.cdt.ui,5.3.2.201202111925,"org.eclipse.cdt.ui.editor.CEditor",1522158754704
started,bundle,org.eclipse.cdt.mylyn.ui,3.6.0.v20110608-1400,"org.eclipse.cdt.mylyn.ui",1522158754767
activated,workbench,org.eclipse.ui.workbench,3.7.1.v20120104-1859,"",1522158754798
executed,command,org.eclipse.ltk.ui.refactoring,3.6.0.v20110928-1453,"org.eclipse.ltk.ui.refactoring.commands.deleteResources",1522158754798
executed,command,org.eclipse.ui,3.7.0.v20110928-1505,"org.eclipse.ui.edit.delete",1522158754798
deactivated,workbench,org.eclipse.ui.workbench,3.7.1.v20120104-1859,"",1522158755906
activated,workbench,org.eclipse.ui.workbench,3.7.1.v20120104-1859,"",1522158756389
executed,command,org.eclipse.ltk.ui.refactoring,3.6.0.v20110928-1453,"org.eclipse.ltk.ui.refactoring.commands.deleteResources",1522158756389
executed,command,org.eclipse.ui,3.7.0.v20110928-1505,"org.eclipse.ui.edit.delete",1522158756389
deactivated,workbench,org.eclipse.ui.workbench,3.7.1.v20120104-1859,"",1522158759182
activated,workbench,org.eclipse.ui.workbench,3.7.1.v20120104-1859,"",1522158790756
deactivated,workbench,org.eclipse.ui.workbench,3.7.1.v20120104-1859,"",1522158800350
activated,workbench,org.eclipse.ui.workbench,3.7.1.v20120104-1859,"",1522158810069
deactivated,workbench,org.eclipse.ui.workbench,3.7.1.v20120104-1859,"",1522158810599
activated,workbench,org.eclipse.ui.workbench,3.7.1.v20120104-1859,"",1522158814187
deactivated,workbench,org.eclipse.ui.workbench,3.7.1.v20120104-1859,"",1522158818742
activated,workbench,org.eclipse.ui.workbench,3.7.1.v20120104-1859,"",1522158819959
executed,command,,,"com.altera.sbtgui.launch.hardware.Nios2HardwareLaunchShortcut.run",1522158820178
activated,view,com.altera.sbtgui.launch,13.13.0.132,"com.altera.sbtgui.launch.hardware.ByteStreamConsoleView",1522158821644
activated,view,org.eclipse.ui.console,3.5.100.v20111007_r372,"org.eclipse.ui.console.ConsoleView",1522158823533
error,log,,,"Failed Executing: [nios2-download, '--cable=USB-Blaster on localhost [USB-0]', --device=1, --instance=0, --go, /cygdrive/c/Users/Francisco/Desktop/DE2_70_QSYS/Eclipse/software/Teste2/Teste2.elf] return code: 4, 'other error'",1522158826512
error,log,,,"Downloading ELF Process failed",1522158826512
deactivated,workbench,org.eclipse.ui.workbench,3.7.1.v20120104-1859,"",1522158826512
activated,workbench,org.eclipse.ui.workbench,3.7.1.v20120104-1859,"",1522158827979
activated,view,org.eclipse.ui.navigator.resources,3.4.300.v20110928-1505,"org.eclipse.ui.navigator.ProjectExplorer",1522158829227
deactivated,workbench,org.eclipse.ui.workbench,3.7.1.v20120104-1859,"",1522158829929
activated,workbench,org.eclipse.ui.workbench,3.7.1.v20120104-1859,"",1522158830303
executed,command,org.eclipse.ltk.ui.refactoring,3.6.0.v20110928-1453,"org.eclipse.ltk.ui.refactoring.commands.deleteResources",1522158830303
executed,command,org.eclipse.ui,3.7.0.v20110928-1505,"org.eclipse.ui.edit.delete",1522158830303
deactivated,workbench,org.eclipse.ui.workbench,3.7.1.v20120104-1859,"",1522158831005
activated,workbench,org.eclipse.ui.workbench,3.7.1.v20120104-1859,"",1522158831364
executed,command,org.eclipse.ltk.ui.refactoring,3.6.0.v20110928-1453,"org.eclipse.ltk.ui.refactoring.commands.deleteResources",1522158831380
executed,command,org.eclipse.ui,3.7.0.v20110928-1505,"org.eclipse.ui.edit.delete",1522158831380
deactivated,workbench,org.eclipse.ui.workbench,3.7.1.v20120104-1859,"",1522158832877
activated,workbench,org.eclipse.ui.workbench,3.7.1.v20120104-1859,"",1522158834094
closed,workbench,org.eclipse.ui.workbench,3.7.1.v20120104-1859,"",1522158834125
stopped,bundle,org.eclipse.cdt.build.crossgcc,1.0.2.201202111925,"org.eclipse.cdt.build.crossgcc",1522158834390
stopped,bundle,org.eclipse.cdt.codan.checkers.ui,1.0.0.201202111925,"org.eclipse.cdt.codan.checkers.ui",1522158834390
stopped,bundle,com.altera.debug.cdi.gdb.plugin,13.13.0.132,"com.altera.debug.cdi.gdb.plugin",1522158834390
